time,kafka cpu,kafka memory,kibana cpu,kibana memory,elasticsearch cpu,elasticsearch memory,zookeeper cpu,zookeeper memory,jobmanager cpu,jobmanager memory,taskmanager cpu,taskmanager memory
2023-11-02 11:01:53.405758,17.69%,366MiB,0.00%,620.3MiB,1.27%,1.014GiB,0.14%,39.35MiB,1.41%,551.9MiB,24.29%,605.7MiB
2023-11-02 11:01:55.615681,19.01%,366.4MiB,1.50%,620.5MiB,9.43%,1.014GiB,0.15%,39.35MiB,4.07%,552.1MiB,29.22%,595.7MiB
2023-11-02 11:01:57.738417,11.73%,366.2MiB,52.82%,621.3MiB,8.96%,1.014GiB,0.28%,39.35MiB,1.92%,552.1MiB,14.20%,595.9MiB
2023-11-02 11:01:59.884989,13.73%,367MiB,107.50%,504.3MiB,1.40%,1.014GiB,0.13%,39.35MiB,8.15%,552.2MiB,16.16%,596.9MiB
2023-11-02 11:02:01.939516,12.30%,367.2MiB,0.65%,481.6MiB,1.01%,1.015GiB,0.12%,39.35MiB,3.45%,552.3MiB,45.37%,598.5MiB
2023-11-02 11:02:04.232449,42.07%,367.3MiB,1.09%,481.9MiB,7.66%,1.015GiB,0.13%,39.36MiB,15.63%,552.4MiB,22.90%,596.8MiB
2023-11-02 11:02:06.350068,14.59%,367.4MiB,1.51%,482.2MiB,1.00%,1.015GiB,0.13%,39.36MiB,4.27%,552.6MiB,12.18%,597.3MiB
2023-11-02 11:02:08.541173,17.58%,367.8MiB,0.00%,481.7MiB,0.73%,1.015GiB,0.24%,39.36MiB,1.76%,552.7MiB,29.35%,600.4MiB
2023-11-02 11:02:10.622267,9.24%,367.6MiB,1.65%,481.9MiB,8.42%,1.015GiB,0.14%,39.36MiB,8.03%,551.8MiB,12.68%,601.1MiB
2023-11-02 11:02:12.876044,9.06%,367.7MiB,3.09%,482.2MiB,6.59%,1.015GiB,0.13%,39.36MiB,1.70%,551.8MiB,14.77%,602MiB
2023-11-02 11:02:15.078376,12.72%,367.8MiB,0.45%,482.2MiB,1.00%,1.015GiB,0.36%,39.36MiB,4.15%,552.1MiB,15.55%,596.1MiB
2023-11-02 11:02:17.296234,13.79%,367.9MiB,0.91%,482.3MiB,4.13%,1.021GiB,0.13%,39.36MiB,1.49%,552.1MiB,14.30%,597.2MiB
2023-11-02 11:02:19.526324,8.20%,368MiB,0.60%,482.4MiB,9.59%,1.021GiB,0.15%,39.36MiB,5.00%,552.4MiB,15.81%,597.9MiB
2023-11-02 11:02:21.688200,8.58%,368MiB,1.82%,482.2MiB,7.20%,1.021GiB,0.20%,39.37MiB,1.63%,552.4MiB,14.17%,598.8MiB
2023-11-02 11:02:23.884177,8.41%,368.3MiB,0.00%,482.1MiB,0.61%,1.021GiB,0.15%,39.37MiB,2.26%,552.4MiB,26.99%,603.6MiB
2023-11-02 11:02:26.094406,65.12%,373.3MiB,1.12%,482.6MiB,1.25%,1.021GiB,0.13%,39.37MiB,27.51%,565.4MiB,17.74%,604.5MiB
2023-11-02 11:02:28.286429,21.17%,373.4MiB,1.72%,482MiB,4.18%,1.021GiB,0.13%,39.37MiB,3.25%,565.4MiB,15.46%,605.7MiB
2023-11-02 11:02:30.541098,7.98%,373.4MiB,0.30%,482.1MiB,1.70%,1.021GiB,0.32%,39.37MiB,1.71%,565.4MiB,12.10%,606.3MiB
2023-11-02 11:02:32.706104,4.91%,373.4MiB,1.04%,482.4MiB,1.09%,1.021GiB,0.12%,39.37MiB,1.71%,565.4MiB,9.76%,607MiB
2023-11-02 11:02:34.844759,6.77%,373.4MiB,0.29%,482.6MiB,13.79%,1.024GiB,0.15%,39.37MiB,9.02%,565.4MiB,16.85%,608MiB
2023-11-02 11:02:37.048379,8.57%,373.7MiB,3.77%,482.4MiB,6.53%,1.024GiB,0.13%,39.37MiB,1.83%,565.3MiB,10.99%,601MiB
2023-11-02 11:02:39.205972,6.19%,365.7MiB,0.00%,482.4MiB,0.68%,1.024GiB,0.24%,39.38MiB,5.64%,565.4MiB,23.27%,602.7MiB
2023-11-02 11:02:41.360030,14.43%,365.9MiB,0.00%,482.6MiB,0.65%,1.024GiB,0.12%,39.38MiB,11.27%,570.4MiB,14.23%,603.2MiB
2023-11-02 11:02:43.519492,4.56%,365.9MiB,1.55%,482.2MiB,4.62%,1.024GiB,0.59%,39.38MiB,3.12%,570.5MiB,15.35%,605.3MiB
2023-11-02 11:02:45.639328,5.75%,365.9MiB,3.44%,482.5MiB,11.46%,1.024GiB,0.24%,39.38MiB,7.20%,570.5MiB,14.62%,606.2MiB
2023-11-02 11:02:47.902808,11.21%,365.9MiB,2.39%,482.2MiB,1.62%,1.024GiB,0.17%,39.38MiB,4.83%,570.5MiB,18.18%,606.6MiB
2023-11-02 11:02:50.240365,5.92%,365.9MiB,0.34%,482.6MiB,1.45%,1.024GiB,0.11%,39.38MiB,4.49%,570.6MiB,16.06%,607.9MiB
2023-11-02 11:02:52.396716,10.32%,366MiB,1.87%,482.7MiB,5.03%,1.024GiB,0.12%,39.38MiB,2.95%,570.6MiB,7.18%,608.1MiB
2023-11-02 11:02:54.622590,10.61%,366.1MiB,1.16%,482.8MiB,0.51%,1.024GiB,0.15%,39.38MiB,2.01%,570.6MiB,12.29%,608.9MiB
2023-11-02 11:02:56.966388,4.63%,366.4MiB,1.41%,482.6MiB,1.74%,1.024GiB,0.14%,39.38MiB,1.76%,570.7MiB,12.38%,607.1MiB
2023-11-02 11:02:59.205456,5.47%,366.2MiB,0.00%,482.8MiB,0.52%,1.024GiB,0.13%,39.38MiB,3.35%,570.7MiB,14.19%,609MiB
2023-11-02 11:03:01.334244,7.37%,366.2MiB,0.69%,483MiB,5.19%,1.024GiB,0.12%,39.38MiB,2.64%,570.8MiB,11.98%,609.2MiB
2023-11-02 11:03:03.500095,8.56%,366.3MiB,0.00%,482.4MiB,0.57%,1.024GiB,0.21%,39.39MiB,1.68%,570.8MiB,9.98%,609.8MiB
2023-11-02 11:03:05.580621,6.76%,366.3MiB,0.22%,482.6MiB,1.15%,1.024GiB,0.12%,39.39MiB,7.31%,569.6MiB,12.79%,610.5MiB
2023-11-02 11:03:07.757205,6.33%,366.3MiB,2.42%,482.5MiB,11.25%,1.024GiB,0.13%,39.39MiB,2.80%,569.6MiB,9.18%,611.3MiB
2023-11-02 11:03:10.152258,25.22%,366.9MiB,0.84%,482.7MiB,4.41%,1.024GiB,0.44%,39.39MiB,6.24%,569.7MiB,17.26%,611.9MiB
2023-11-02 11:03:12.308669,33.38%,366.4MiB,0.98%,482.8MiB,1.96%,1.024GiB,0.10%,39.39MiB,1.41%,569.7MiB,11.82%,612.8MiB
2023-11-02 11:03:14.581307,4.51%,366.4MiB,0.00%,482.9MiB,1.10%,1.024GiB,0.16%,39.39MiB,1.69%,569.7MiB,25.78%,618.8MiB
2023-11-02 11:03:16.758270,6.54%,366.8MiB,1.64%,482.9MiB,5.49%,1.024GiB,0.18%,39.4MiB,3.21%,569.7MiB,8.08%,619.7MiB
2023-11-02 11:03:19.068332,7.21%,366.6MiB,0.71%,483.2MiB,8.17%,1.024GiB,0.17%,39.65MiB,2.63%,569.7MiB,9.59%,617.4MiB
2023-11-02 11:03:21.144414,5.85%,366.9MiB,0.29%,483.3MiB,2.22%,1.024GiB,0.21%,39.4MiB,1.69%,569.8MiB,9.73%,618.7MiB
2023-11-02 11:03:23.250436,11.99%,366.6MiB,0.00%,482.9MiB,1.12%,1.025GiB,0.13%,39.4MiB,1.89%,569.8MiB,13.18%,619.1MiB
2023-11-02 11:03:25.416939,5.45%,366.9MiB,1.20%,483.1MiB,6.40%,1.025GiB,0.15%,39.4MiB,7.17%,569.8MiB,18.39%,619.5MiB
2023-11-02 11:03:27.637603,3.54%,366.6MiB,1.23%,483.5MiB,2.81%,1.025GiB,0.32%,39.4MiB,1.99%,569.8MiB,15.57%,620.9MiB
2023-11-02 11:03:29.983024,28.23%,366.8MiB,0.38%,483MiB,5.41%,1.025GiB,0.11%,39.4MiB,3.61%,569.9MiB,13.30%,621.7MiB
2023-11-02 11:03:32.224313,5.21%,366.8MiB,0.76%,483.2MiB,2.12%,1.025GiB,0.13%,39.4MiB,10.64%,570MiB,14.45%,622.9MiB
2023-11-02 11:03:34.319261,9.96%,366.9MiB,0.67%,483.4MiB,10.02%,1.025GiB,0.15%,39.41MiB,2.24%,570.2MiB,7.20%,623MiB
2023-11-02 11:03:36.606516,6.37%,367.2MiB,2.07%,483MiB,3.87%,1.025GiB,0.12%,39.41MiB,1.41%,570MiB,5.11%,623.7MiB
2023-11-02 11:03:38.790563,27.62%,366.9MiB,0.00%,483.3MiB,0.81%,1.025GiB,0.14%,39.41MiB,1.84%,570MiB,19.24%,624.3MiB
2023-11-02 11:03:41.099424,12.34%,367MiB,0.36%,483.5MiB,1.88%,1.025GiB,0.20%,39.41MiB,2.53%,570MiB,6.68%,624.5MiB
2023-11-02 11:03:43.226992,11.59%,367.1MiB,1.48%,483MiB,3.07%,1.025GiB,0.19%,39.41MiB,3.92%,570MiB,14.14%,625.4MiB
2023-11-02 11:03:45.386976,16.65%,367.1MiB,1.04%,483.2MiB,12.12%,1.025GiB,1.33%,39.41MiB,4.55%,570MiB,113.20%,655.2MiB
2023-11-02 11:03:47.573396,4.93%,367.2MiB,1.35%,483MiB,6.65%,1.025GiB,0.18%,39.41MiB,2.06%,570.1MiB,16.32%,655.4MiB
2023-11-02 11:03:49.909690,3.83%,367.2MiB,0.80%,483.2MiB,14.08%,1.025GiB,0.13%,39.41MiB,4.06%,570.1MiB,14.36%,652.5MiB
2023-11-02 11:03:51.902552,3.97%,367.4MiB,0.47%,483.3MiB,3.48%,1.025GiB,0.23%,39.42MiB,2.30%,570.1MiB,13.01%,653.1MiB
2023-11-02 11:03:54.196136,6.01%,367.2MiB,0.00%,483.5MiB,0.69%,1.025GiB,0.17%,38.88MiB,2.71%,570.1MiB,13.14%,653.7MiB
2023-11-02 11:03:56.360869,4.52%,367.2MiB,3.37%,483.2MiB,1.39%,1.025GiB,0.12%,38.88MiB,1.76%,570.2MiB,5.47%,654.4MiB
2023-11-02 11:03:58.533126,4.91%,367.2MiB,0.60%,483.4MiB,3.00%,1.025GiB,0.13%,38.88MiB,2.79%,570.2MiB,18.33%,625MiB
2023-11-02 11:04:00.682364,6.13%,367.2MiB,0.33%,483.5MiB,0.93%,1.025GiB,0.13%,38.88MiB,1.59%,570.3MiB,5.21%,626MiB
2023-11-02 11:04:02.876740,2.92%,367.5MiB,1.84%,483.8MiB,1.22%,1.025GiB,0.14%,38.88MiB,1.60%,570.3MiB,6.57%,635.6MiB
2023-11-02 11:04:05.024704,4.16%,367.2MiB,0.43%,483.1MiB,0.97%,1.025GiB,0.18%,38.88MiB,4.39%,570.4MiB,10.74%,636.7MiB
2023-11-02 11:04:07.178219,7.03%,367.2MiB,1.49%,483.7MiB,8.09%,1.025GiB,0.15%,38.88MiB,3.38%,570.4MiB,7.58%,637.3MiB
2023-11-02 11:04:09.458385,6.95%,367.2MiB,0.00%,483.7MiB,2.04%,1.025GiB,0.26%,38.89MiB,5.07%,570.4MiB,18.61%,628MiB
2023-11-02 11:04:11.705671,4.69%,367.5MiB,0.00%,483.1MiB,0.76%,1.025GiB,0.18%,38.89MiB,1.52%,570.4MiB,18.76%,629.5MiB
2023-11-02 11:04:13.971361,4.63%,367.3MiB,0.22%,483.3MiB,0.83%,1.025GiB,0.12%,38.89MiB,2.28%,570.4MiB,20.58%,631.2MiB
2023-11-02 11:04:16.168493,4.49%,367.3MiB,2.44%,483.2MiB,11.91%,1.026GiB,0.24%,38.89MiB,3.18%,571MiB,7.88%,631.7MiB
2023-11-02 11:04:18.500211,6.11%,367.3MiB,0.00%,483.3MiB,0.78%,1.026GiB,0.15%,38.89MiB,1.42%,570.5MiB,14.44%,633.9MiB
2023-11-02 11:04:20.543951,67.69%,379.3MiB,0.35%,483.5MiB,1.15%,1.026GiB,0.17%,38.89MiB,1.56%,570.5MiB,9.94%,634.6MiB
2023-11-02 11:04:22.627673,8.08%,379.1MiB,7.00%,483MiB,90.04%,1.026GiB,0.15%,38.89MiB,7.47%,570.6MiB,40.40%,641.9MiB
2023-11-02 11:04:24.887365,5.66%,368.1MiB,0.59%,483.1MiB,8.26%,1.026GiB,0.20%,38.89MiB,2.79%,570.6MiB,8.71%,642.6MiB
2023-11-02 11:04:27.105392,10.35%,367.8MiB,1.31%,483.6MiB,1.53%,1.026GiB,0.15%,38.89MiB,3.64%,570.9MiB,103.35%,664.4MiB
2023-11-02 11:04:29.340174,14.84%,367.8MiB,0.00%,483.8MiB,0.68%,1.026GiB,0.17%,38.89MiB,6.57%,571MiB,17.41%,661.9MiB
2023-11-02 11:04:31.550642,4.70%,367.8MiB,1.31%,483.1MiB,4.13%,1.026GiB,0.12%,38.89MiB,2.99%,571MiB,11.27%,662.5MiB
2023-11-02 11:04:33.748700,9.88%,367.8MiB,0.23%,483.3MiB,3.32%,1.026GiB,0.20%,38.9MiB,5.32%,565.6MiB,7.87%,657.8MiB
2023-11-02 11:04:35.923351,10.51%,367.9MiB,0.00%,483.4MiB,0.63%,1.026GiB,0.12%,38.9MiB,67.56%,583.8MiB,11.28%,659.1MiB
2023-11-02 11:04:38.133537,15.03%,367.9MiB,1.41%,483.1MiB,4.20%,1.026GiB,0.14%,38.9MiB,2.00%,583.8MiB,17.44%,659.6MiB
2023-11-02 11:04:40.325719,35.62%,367.9MiB,1.29%,483.3MiB,3.72%,1.026GiB,0.12%,38.9MiB,2.76%,583.8MiB,9.55%,660.3MiB
2023-11-02 11:04:42.516329,4.63%,367.9MiB,0.99%,483.5MiB,8.74%,1.026GiB,0.12%,38.9MiB,1.69%,583.8MiB,10.86%,660.9MiB
2023-11-02 11:04:44.740270,12.69%,368.2MiB,0.37%,483.6MiB,0.68%,1.026GiB,0.14%,38.9MiB,33.60%,585.2MiB,9.45%,661.5MiB
2023-11-02 11:04:46.836576,21.26%,368MiB,1.39%,483.5MiB,3.06%,1.026GiB,0.14%,38.91MiB,3.98%,585.3MiB,9.87%,662.2MiB
2023-11-02 11:04:49.119824,4.20%,368MiB,0.88%,483.7MiB,4.83%,1.026GiB,0.39%,38.91MiB,3.48%,585.3MiB,8.99%,662.8MiB
2023-11-02 11:04:51.307504,6.44%,368.2MiB,0.84%,483MiB,2.43%,1.026GiB,0.26%,38.91MiB,2.08%,585.3MiB,87.05%,669.7MiB
2023-11-02 11:04:53.456398,3.72%,368MiB,0.00%,483.3MiB,0.82%,1.026GiB,0.14%,38.91MiB,1.99%,585.3MiB,9.55%,670.3MiB
2023-11-02 11:04:55.604623,16.23%,368MiB,3.15%,483.5MiB,79.62%,1.026GiB,0.16%,38.91MiB,5.17%,585.3MiB,10.43%,668.1MiB
2023-11-02 11:04:57.914754,6.82%,369.9MiB,2.02%,483.1MiB,25.80%,1.027GiB,0.19%,38.91MiB,1.94%,585.3MiB,9.64%,668.4MiB
2023-11-02 11:05:00.196850,5.15%,369.9MiB,0.27%,483.2MiB,8.06%,1.027GiB,0.14%,38.91MiB,2.28%,585.4MiB,10.80%,670MiB
2023-11-02 11:05:02.448767,6.14%,369.9MiB,1.05%,483.5MiB,8.12%,1.027GiB,0.13%,38.91MiB,7.40%,585.4MiB,84.61%,655.7MiB
2023-11-02 11:05:04.519455,4.63%,369.9MiB,1.72%,483.6MiB,12.68%,1.027GiB,0.13%,38.91MiB,3.43%,584.2MiB,9.17%,656.2MiB
2023-11-02 11:05:06.621592,6.24%,370MiB,1.83%,483.1MiB,4.92%,1.027GiB,0.13%,38.91MiB,1.65%,584.2MiB,71.63%,679.6MiB
2023-11-02 11:05:08.801467,4.26%,370MiB,0.00%,483.4MiB,0.59%,1.027GiB,0.12%,38.91MiB,1.66%,584.2MiB,12.15%,680.2MiB
2023-11-02 11:05:10.837290,32.20%,370.2MiB,0.97%,483.6MiB,1.01%,1.027GiB,0.13%,38.91MiB,5.05%,584.2MiB,9.17%,675.7MiB
2023-11-02 11:05:13.167097,6.43%,370MiB,1.34%,483.8MiB,2.88%,1.027GiB,0.14%,38.91MiB,1.60%,584.2MiB,7.64%,676.3MiB
2023-11-02 11:05:15.361121,8.38%,370.2MiB,3.84%,483.8MiB,11.75%,1.027GiB,0.21%,38.92MiB,39.61%,579.4MiB,34.94%,658.9MiB
2023-11-02 11:05:17.595628,5.37%,370MiB,0.94%,483.5MiB,5.63%,1.027GiB,0.29%,38.92MiB,1.66%,579.4MiB,9.08%,659.4MiB
2023-11-02 11:05:19.808724,9.83%,370.3MiB,0.59%,483.8MiB,8.07%,1.027GiB,0.11%,38.92MiB,4.43%,579.4MiB,7.60%,660MiB
2023-11-02 11:05:22.041338,6.12%,370MiB,0.49%,484.2MiB,2.69%,1.027GiB,0.22%,38.92MiB,1.71%,579.4MiB,9.04%,660.6MiB
2023-11-02 11:05:24.303333,6.40%,370MiB,0.00%,483.4MiB,0.64%,1.027GiB,0.21%,38.92MiB,1.93%,579.4MiB,12.07%,661.4MiB
2023-11-02 11:05:26.517972,11.92%,370MiB,0.54%,483.9MiB,0.89%,1.027GiB,0.15%,38.92MiB,6.18%,560.8MiB,7.57%,662MiB
2023-11-02 11:05:28.705055,3.53%,370.3MiB,0.55%,484.2MiB,2.92%,1.027GiB,0.18%,38.92MiB,3.25%,560.8MiB,5.96%,662.8MiB
2023-11-02 11:05:30.989561,6.59%,370.1MiB,0.74%,483.6MiB,2.16%,1.027GiB,0.14%,38.92MiB,1.55%,560.8MiB,7.54%,663.4MiB
2023-11-02 11:05:33.086534,4.14%,370.1MiB,0.76%,483.8MiB,2.48%,1.027GiB,0.16%,38.93MiB,3.78%,562.2MiB,7.67%,663.7MiB
2023-11-02 11:05:35.254098,6.12%,370.1MiB,0.66%,484MiB,1.84%,1.028GiB,0.15%,38.93MiB,24.74%,569.4MiB,26.47%,664.5MiB
2023-11-02 11:05:37.437091,3.93%,370.1MiB,1.89%,483.8MiB,19.19%,1.028GiB,0.15%,38.93MiB,2.38%,569.4MiB,11.01%,665MiB
2023-11-02 11:05:39.621336,4.68%,370.1MiB,0.00%,483.8MiB,1.90%,1.028GiB,0.22%,38.93MiB,4.02%,569.4MiB,10.54%,666MiB
2023-11-02 11:05:41.928838,9.09%,370.1MiB,0.00%,483.9MiB,0.60%,1.028GiB,0.12%,38.93MiB,2.07%,569.5MiB,23.65%,661.5MiB
2023-11-02 11:05:44.167524,8.83%,370.1MiB,0.20%,484.2MiB,6.38%,1.028GiB,0.12%,38.93MiB,2.12%,569.5MiB,8.93%,662.3MiB
2023-11-02 11:05:46.309025,5.87%,370.1MiB,1.66%,484.4MiB,2.48%,1.028GiB,0.13%,38.93MiB,2.32%,569.5MiB,10.41%,663.1MiB
2023-11-02 11:05:48.618610,7.64%,370.4MiB,0.00%,484.3MiB,0.64%,1.028GiB,0.10%,38.93MiB,2.49%,569.5MiB,55.01%,670MiB
2023-11-02 11:05:50.771275,5.83%,370.2MiB,0.34%,484.7MiB,2.98%,1.028GiB,0.17%,38.93MiB,1.57%,569.5MiB,75.20%,675.4MiB
2023-11-02 11:05:52.910423,8.13%,370.9MiB,1.70%,483.9MiB,1.87%,1.028GiB,0.12%,38.93MiB,2.73%,569.6MiB,12.16%,676.3MiB
2023-11-02 11:05:55.165279,4.79%,370.2MiB,0.65%,484.1MiB,2.92%,1.028GiB,0.14%,38.93MiB,4.53%,569.9MiB,56.86%,679.2MiB
2023-11-02 11:05:57.433334,111.82%,370.4MiB,2.53%,484.5MiB,10.47%,1.028GiB,0.27%,38.94MiB,1.45%,569.6MiB,18.58%,673.4MiB
2023-11-02 11:05:59.678233,84.40%,382.2MiB,0.00%,484.7MiB,0.77%,1.028GiB,0.15%,38.94MiB,3.60%,569.8MiB,10.97%,673.8MiB
2023-11-02 11:06:01.891441,8.90%,376MiB,1.76%,484.1MiB,1.50%,1.028GiB,0.12%,38.94MiB,3.04%,569.8MiB,33.58%,676.7MiB
2023-11-02 11:06:04.012377,13.70%,376.3MiB,0.79%,484.3MiB,1.61%,1.028GiB,0.25%,38.94MiB,1.15%,569.8MiB,7.40%,676.5MiB
2023-11-02 11:06:06.201019,17.10%,371.1MiB,0.39%,484.7MiB,0.76%,1.028GiB,0.10%,38.94MiB,1.20%,569.8MiB,15.28%,688.4MiB
2023-11-02 11:06:08.384693,3.48%,371.1MiB,0.67%,484.1MiB,1.25%,1.028GiB,0.12%,38.94MiB,4.08%,569.8MiB,25.90%,683.1MiB
2023-11-02 11:06:10.601475,50.42%,371.2MiB,1.25%,484.3MiB,5.04%,1.028GiB,0.12%,38.94MiB,6.07%,570.2MiB,17.90%,678.9MiB
2023-11-02 11:06:12.806747,14.51%,371.2MiB,0.98%,484.4MiB,1.69%,1.028GiB,0.13%,38.94MiB,1.84%,570.2MiB,17.22%,679.5MiB
2023-11-02 11:06:15.024463,10.99%,371.2MiB,0.63%,484.6MiB,1.58%,1.028GiB,0.14%,38.94MiB,2.65%,570.5MiB,41.41%,680.3MiB
2023-11-02 11:06:17.190729,3.89%,371.2MiB,1.65%,484.5MiB,4.03%,1.028GiB,0.11%,38.95MiB,2.98%,570.3MiB,18.94%,680.8MiB
2023-11-02 11:06:19.335751,8.79%,371.2MiB,4.20%,484.7MiB,16.57%,1.028GiB,0.16%,38.95MiB,4.53%,570.3MiB,14.40%,681.7MiB
2023-11-02 11:06:21.528899,11.00%,371.3MiB,0.39%,484.8MiB,2.28%,1.028GiB,0.21%,38.95MiB,1.49%,570.3MiB,8.30%,681.9MiB
2023-11-02 11:06:23.795864,6.66%,371.3MiB,0.00%,484.2MiB,0.75%,1.028GiB,0.11%,38.95MiB,1.62%,570.3MiB,108.68%,692.8MiB
2023-11-02 11:06:25.977160,5.63%,371.3MiB,4.19%,484.3MiB,5.47%,1.028GiB,0.12%,38.95MiB,10.60%,570.7MiB,7.28%,697.8MiB
2023-11-02 11:06:28.165437,3.91%,371.4MiB,1.28%,484.9MiB,3.05%,1.028GiB,0.17%,38.95MiB,3.56%,571.2MiB,19.80%,698.4MiB
2023-11-02 11:06:30.365177,4.07%,371.4MiB,1.18%,484.1MiB,17.39%,1.028GiB,0.18%,38.96MiB,4.16%,564.6MiB,13.84%,686.2MiB
2023-11-02 11:06:32.565012,10.38%,371.4MiB,3.84%,484.3MiB,6.77%,1.028GiB,0.15%,38.96MiB,1.19%,564.6MiB,7.59%,686.7MiB
2023-11-02 11:06:34.720934,4.30%,371.4MiB,0.83%,484.5MiB,2.76%,1.028GiB,0.13%,38.96MiB,3.33%,564.6MiB,10.96%,687.8MiB
2023-11-02 11:06:36.925007,17.41%,371.7MiB,1.03%,484.8MiB,2.13%,1.028GiB,0.11%,38.96MiB,1.26%,564.6MiB,15.97%,688.1MiB
2023-11-02 11:06:39.053204,4.31%,371.4MiB,0.00%,484.3MiB,0.61%,1.028GiB,0.10%,38.96MiB,1.12%,564.6MiB,13.98%,689MiB
2023-11-02 11:06:41.219289,16.50%,371.4MiB,0.38%,484.4MiB,0.88%,1.028GiB,0.13%,38.96MiB,1.26%,564.6MiB,11.21%,689.2MiB
2023-11-02 11:06:43.458132,6.48%,371.4MiB,0.76%,484.6MiB,2.53%,1.028GiB,0.11%,38.96MiB,1.90%,564.7MiB,17.39%,689.8MiB
2023-11-02 11:06:45.756423,5.34%,371.5MiB,1.31%,484.9MiB,11.22%,1.028GiB,0.20%,38.97MiB,6.88%,564.7MiB,18.69%,684.6MiB
2023-11-02 11:06:47.845958,6.83%,371.5MiB,0.91%,484.6MiB,4.63%,1.028GiB,0.11%,38.97MiB,1.20%,564.7MiB,19.28%,685.3MiB
2023-11-02 11:06:50.148837,4.74%,371.5MiB,2.37%,484.8MiB,3.84%,1.028GiB,0.16%,38.97MiB,4.25%,564.7MiB,11.21%,685.5MiB
2023-11-02 11:06:52.289599,43.61%,371.5MiB,1.59%,484.2MiB,3.29%,1.028GiB,0.21%,38.97MiB,2.40%,564.7MiB,36.53%,680.1MiB
2023-11-02 11:06:54.445418,8.70%,371.5MiB,0.00%,484.3MiB,0.57%,1.028GiB,0.12%,38.97MiB,1.15%,564.7MiB,23.70%,694.8MiB
2023-11-02 11:06:56.624316,6.67%,371.8MiB,1.59%,484.7MiB,3.53%,1.028GiB,0.12%,38.97MiB,1.17%,564.7MiB,20.74%,683.7MiB
2023-11-02 11:06:58.911191,3.95%,371.6MiB,1.65%,484.1MiB,2.09%,1.028GiB,0.41%,38.97MiB,6.08%,564.7MiB,7.03%,684.2MiB
2023-11-02 11:07:01.151770,4.84%,371.6MiB,0.36%,484.3MiB,5.50%,1.028GiB,0.17%,38.97MiB,2.06%,564.8MiB,47.49%,702.7MiB
2023-11-02 11:07:03.313416,10.20%,371.6MiB,1.95%,484.4MiB,1.89%,1.028GiB,0.57%,38.98MiB,1.69%,565.6MiB,30.37%,703.2MiB
2023-11-02 11:07:05.516588,33.53%,372.9MiB,0.59%,484.6MiB,28.59%,1.028GiB,0.12%,38.98MiB,2.73%,565.6MiB,14.23%,703.9MiB
2023-11-02 11:07:07.802682,8.47%,373.2MiB,4.02%,484.3MiB,22.38%,1.028GiB,0.10%,38.98MiB,4.39%,565.6MiB,7.47%,704.5MiB
2023-11-02 11:07:09.919546,10.56%,372.9MiB,0.00%,484.3MiB,0.59%,1.028GiB,0.24%,38.98MiB,4.03%,565.6MiB,14.17%,705.3MiB
2023-11-02 11:07:12.132020,10.14%,372.9MiB,0.00%,484.5MiB,1.39%,1.028GiB,0.10%,38.98MiB,1.48%,565.6MiB,13.89%,706.1MiB
2023-11-02 11:07:14.426863,3.56%,373.2MiB,0.32%,484.7MiB,1.53%,1.028GiB,0.12%,38.98MiB,1.12%,565.6MiB,15.09%,706.1MiB
2023-11-02 11:07:16.698494,14.82%,372.9MiB,5.60%,484.5MiB,6.08%,1.028GiB,0.11%,38.98MiB,2.15%,565.7MiB,17.40%,706.8MiB
2023-11-02 11:07:18.786355,10.19%,373.2MiB,0.00%,484.7MiB,0.76%,1.028GiB,0.10%,38.98MiB,1.32%,565.7MiB,10.28%,707.4MiB
2023-11-02 11:07:21.057639,14.39%,372.9MiB,0.64%,484.9MiB,2.26%,1.028GiB,0.22%,38.98MiB,1.24%,565.7MiB,11.46%,705.6MiB
2023-11-02 11:07:23.300406,3.77%,373MiB,1.17%,484.3MiB,2.02%,1.028GiB,0.12%,38.98MiB,2.42%,565.7MiB,17.77%,706.1MiB
2023-11-02 11:07:25.470631,15.37%,373.2MiB,0.86%,484.4MiB,9.80%,1.028GiB,0.12%,38.98MiB,4.03%,565.7MiB,9.57%,699.9MiB
2023-11-02 11:07:27.697223,16.81%,373MiB,1.08%,484.9MiB,5.50%,1.028GiB,0.20%,38.99MiB,1.38%,565.7MiB,15.34%,700.5MiB
2023-11-02 11:07:29.928120,18.46%,373MiB,0.30%,484.2MiB,2.02%,1.028GiB,0.09%,38.99MiB,3.60%,565.7MiB,25.47%,701.3MiB
2023-11-02 11:07:32.152305,7.78%,373.2MiB,0.47%,484.3MiB,27.65%,1.028GiB,0.11%,38.99MiB,2.12%,565.7MiB,6.09%,701.8MiB
2023-11-02 11:07:34.445914,33.22%,381MiB,0.28%,484.6MiB,2.09%,1.028GiB,0.23%,38.99MiB,1.66%,565.7MiB,17.65%,702.4MiB
2023-11-02 11:07:36.784073,30.79%,376MiB,0.99%,484.1MiB,4.24%,1.028GiB,0.15%,38.99MiB,1.23%,565.7MiB,8.51%,703MiB
2023-11-02 11:07:39.043218,15.87%,375.8MiB,0.00%,484.3MiB,0.59%,1.028GiB,0.14%,38.99MiB,1.29%,565.7MiB,22.15%,703.3MiB
2023-11-02 11:07:41.317177,20.01%,375.8MiB,0.26%,484.5MiB,2.07%,1.028GiB,0.11%,38.99MiB,1.99%,565.7MiB,24.79%,704.4MiB
2023-11-02 11:07:43.493160,2.83%,375.8MiB,0.65%,484.7MiB,2.78%,1.028GiB,0.12%,38.99MiB,6.61%,565.7MiB,14.40%,693MiB
2023-11-02 11:07:45.727671,17.69%,376.1MiB,2.00%,484.2MiB,12.01%,1.028GiB,0.34%,39MiB,5.98%,565.7MiB,10.73%,693.6MiB
2023-11-02 11:07:48.081581,6.99%,375.8MiB,1.45%,484.7MiB,1.93%,1.028GiB,0.10%,39MiB,1.13%,565.8MiB,6.65%,694.1MiB
2023-11-02 11:07:50.421733,3.67%,376.1MiB,6.48%,484.9MiB,9.16%,1.028GiB,0.10%,39MiB,2.80%,565.8MiB,15.08%,694.8MiB
2023-11-02 11:07:52.583031,10.27%,375.8MiB,1.39%,484.3MiB,4.02%,1.028GiB,0.10%,39MiB,2.26%,565.8MiB,54.54%,703.1MiB
2023-11-02 11:07:54.786250,3.92%,375.8MiB,0.00%,484.3MiB,0.92%,1.028GiB,0.13%,39MiB,1.13%,565.8MiB,21.61%,703.6MiB
2023-11-02 11:07:56.958970,5.09%,375.8MiB,1.21%,484.8MiB,1.12%,1.028GiB,0.10%,39MiB,4.46%,565.8MiB,18.33%,704.3MiB
2023-11-02 11:07:59.295093,3.14%,375.9MiB,0.34%,484.2MiB,0.80%,1.028GiB,0.10%,39MiB,2.39%,565.8MiB,12.80%,706.3MiB
2023-11-02 11:08:01.566003,28.21%,375.9MiB,0.47%,484.3MiB,3.91%,1.028GiB,0.11%,39MiB,2.88%,565.8MiB,10.07%,706MiB
2023-11-02 11:08:04.013321,19.74%,375.9MiB,0.33%,484.8MiB,0.77%,1.028GiB,0.19%,39.01MiB,1.43%,565.8MiB,23.99%,706.7MiB
2023-11-02 11:08:06.200261,7.92%,375.9MiB,1.48%,484.1MiB,1.12%,1.028GiB,0.12%,39.01MiB,1.41%,565.9MiB,11.80%,705.7MiB
2023-11-02 11:08:08.410239,3.26%,376.1MiB,1.24%,484.4MiB,1.60%,1.028GiB,0.12%,39.01MiB,1.18%,565.9MiB,12.12%,706.3MiB
2023-11-02 11:08:10.855937,20.76%,375.9MiB,0.70%,484.5MiB,4.04%,1.028GiB,0.12%,39.01MiB,2.92%,565.9MiB,11.00%,707.1MiB
2023-11-02 11:08:13.023421,18.33%,375.9MiB,0.93%,484.7MiB,2.55%,1.028GiB,0.10%,39.01MiB,1.20%,565.9MiB,11.95%,707.8MiB
2023-11-02 11:08:15.234003,9.00%,375.9MiB,5.27%,485.1MiB,1.84%,1.028GiB,0.11%,39.01MiB,2.41%,565.9MiB,19.00%,708.2MiB
2023-11-02 11:08:17.571563,7.77%,376.2MiB,1.19%,485.1MiB,17.02%,1.028GiB,0.14%,39.02MiB,1.22%,565.9MiB,10.85%,708.6MiB
2023-11-02 11:08:19.770479,9.58%,375.9MiB,0.44%,485.2MiB,1.61%,1.028GiB,0.12%,39.02MiB,4.44%,565.9MiB,7.65%,709.4MiB
2023-11-02 11:08:22.063460,18.21%,375.9MiB,0.00%,484.6MiB,3.23%,1.028GiB,1.01%,39.02MiB,1.74%,565.9MiB,12.74%,709.7MiB
2023-11-02 11:08:24.365182,3.75%,375.9MiB,0.00%,484.9MiB,0.49%,1.028GiB,0.11%,39.02MiB,1.26%,565.9MiB,35.84%,710.7MiB
2023-11-02 11:08:26.601088,3.67%,375.9MiB,1.43%,485.4MiB,1.59%,1.028GiB,0.13%,39.02MiB,1.20%,566MiB,16.01%,710.9MiB
2023-11-02 11:08:28.954819,9.18%,376.2MiB,0.47%,484.8MiB,1.88%,1.028GiB,0.11%,39.02MiB,1.97%,566MiB,10.11%,711.4MiB
2023-11-02 11:08:31.252303,8.01%,375.9MiB,0.50%,485MiB,1.18%,1.028GiB,0.13%,39.02MiB,2.09%,566.2MiB,11.89%,712MiB
2023-11-02 11:08:33.373518,12.28%,375.9MiB,1.02%,485.2MiB,1.22%,1.028GiB,0.12%,39.02MiB,1.21%,566MiB,6.68%,712.8MiB
2023-11-02 11:08:35.609014,5.13%,376.2MiB,0.65%,485.4MiB,1.14%,1.028GiB,0.09%,39.02MiB,3.12%,566MiB,7.74%,713.4MiB
2023-11-02 11:08:37.618057,5.75%,376MiB,2.82%,485.2MiB,2.25%,1.028GiB,0.13%,39.02MiB,2.48%,566MiB,3.87%,713.7MiB
2023-11-02 11:08:39.744754,15.62%,376MiB,0.00%,485.2MiB,0.55%,1.028GiB,0.19%,39.02MiB,4.23%,566MiB,8.98%,714.5MiB
2023-11-02 11:08:41.937545,3.48%,376.2MiB,0.35%,485.4MiB,1.67%,1.028GiB,0.09%,39.02MiB,1.26%,561.9MiB,6.60%,704.1MiB
2023-11-02 11:08:44.150744,7.01%,376MiB,0.34%,485.6MiB,1.75%,1.028GiB,0.14%,39.02MiB,8.31%,561.9MiB,3.16%,705MiB
2023-11-02 11:08:46.386295,9.47%,376MiB,2.18%,485.5MiB,10.26%,1.028GiB,0.25%,39.03MiB,2.65%,561.9MiB,14.08%,705.6MiB
2023-11-02 11:08:48.628171,7.74%,376MiB,0.29%,485.7MiB,0.93%,1.028GiB,0.19%,39.03MiB,1.32%,561.9MiB,16.65%,705.9MiB
2023-11-02 11:08:50.752978,6.16%,376MiB,1.45%,485MiB,1.97%,1.028GiB,0.10%,39.03MiB,1.17%,562MiB,9.86%,706.6MiB
2023-11-02 11:08:52.894614,10.43%,376.2MiB,2.01%,485.3MiB,2.83%,1.028GiB,0.12%,39.03MiB,2.04%,562MiB,24.43%,706.9MiB
2023-11-02 11:08:55.017747,6.95%,376MiB,0.00%,485.3MiB,0.73%,1.028GiB,0.09%,39.03MiB,9.28%,562MiB,30.32%,710.2MiB
2023-11-02 11:08:57.213671,4.74%,376MiB,1.06%,485.8MiB,2.00%,1.028GiB,1.61%,39.03MiB,2.50%,562MiB,17.84%,710.6MiB
2023-11-02 11:08:59.407750,3.40%,376MiB,0.31%,485.2MiB,31.02%,1.028GiB,0.12%,39.04MiB,3.01%,562MiB,13.73%,710.8MiB
2023-11-02 11:09:01.601005,17.32%,376MiB,0.39%,485.4MiB,6.82%,1.028GiB,0.11%,39.04MiB,12.86%,566.8MiB,20.36%,713.9MiB
2023-11-02 11:09:03.872075,4.69%,376.3MiB,0.00%,485.5MiB,7.15%,1.028GiB,0.23%,39.04MiB,4.37%,566.8MiB,6.91%,714.6MiB
2023-11-02 11:09:06.092046,12.05%,376.3MiB,2.74%,485.7MiB,5.23%,1.028GiB,0.11%,39.04MiB,2.91%,567.1MiB,9.66%,714.8MiB
2023-11-02 11:09:08.203088,8.69%,376MiB,1.73%,485.4MiB,5.88%,1.028GiB,0.09%,39.04MiB,2.21%,567.1MiB,14.99%,715.4MiB
2023-11-02 11:09:10.438933,7.03%,376.3MiB,0.77%,485.6MiB,2.61%,1.028GiB,0.16%,39.04MiB,10.03%,567.4MiB,9.11%,716MiB
2023-11-02 11:09:12.708106,2.99%,376.1MiB,1.03%,485.7MiB,2.01%,1.028GiB,0.14%,39.04MiB,1.45%,567MiB,17.08%,717MiB
2023-11-02 11:09:14.961295,10.01%,376.1MiB,0.29%,485.9MiB,1.00%,1.028GiB,0.11%,39.04MiB,1.32%,567MiB,8.27%,717MiB
2023-11-02 11:09:17.100015,8.94%,376.1MiB,1.43%,485.7MiB,2.34%,1.028GiB,0.13%,39.04MiB,2.34%,567.1MiB,6.03%,717.9MiB
2023-11-02 11:09:19.276279,7.25%,376.1MiB,0.39%,485.9MiB,1.56%,1.028GiB,0.13%,39.04MiB,2.54%,567.1MiB,9.93%,718.2MiB
2023-11-02 11:09:21.513388,7.69%,376.1MiB,0.85%,485.2MiB,3.35%,1.028GiB,0.13%,39.04MiB,1.41%,567.1MiB,7.58%,712.2MiB
2023-11-02 11:09:23.659055,3.15%,376.4MiB,3.10%,485.4MiB,3.65%,1.028GiB,0.11%,39.04MiB,1.21%,567.1MiB,28.62%,712.9MiB
2023-11-02 11:09:25.868363,7.49%,376.1MiB,0.77%,485.6MiB,1.75%,1.028GiB,0.11%,39.04MiB,27.82%,570.2MiB,12.15%,713.4MiB
2023-11-02 11:09:28.068082,4.42%,376.4MiB,1.59%,485.2MiB,4.14%,1.028GiB,0.23%,39.05MiB,1.35%,570.2MiB,20.48%,718.2MiB
2023-11-02 11:09:30.223940,7.79%,376.1MiB,0.71%,485.4MiB,1.23%,1.028GiB,0.11%,39.05MiB,2.66%,570.2MiB,27.11%,719.1MiB
2023-11-02 11:09:32.432133,6.18%,376.2MiB,0.89%,485.6MiB,1.60%,1.028GiB,0.09%,39.05MiB,1.25%,570.3MiB,7.19%,719.3MiB
2023-11-02 11:09:34.574508,8.28%,376.4MiB,0.31%,485.7MiB,1.76%,1.028GiB,0.24%,39.05MiB,9.03%,570.3MiB,7.43%,720MiB
2023-11-02 11:09:36.694433,7.17%,376.2MiB,1.67%,485.3MiB,0.88%,1.028GiB,0.14%,39.05MiB,1.39%,570.3MiB,46.95%,735MiB
2023-11-02 11:09:38.880888,11.01%,376.2MiB,0.32%,485.5MiB,0.77%,1.028GiB,0.11%,39.05MiB,1.31%,570.3MiB,16.67%,735.1MiB
2023-11-02 11:09:41.040447,10.49%,376.2MiB,0.74%,485.7MiB,1.54%,1.028GiB,0.12%,39.05MiB,2.54%,570.4MiB,9.30%,738.4MiB
2023-11-02 11:09:43.152432,4.57%,376.2MiB,1.56%,485.9MiB,1.41%,1.028GiB,0.11%,39.06MiB,2.07%,570.4MiB,11.75%,732.3MiB
2023-11-02 11:09:45.617548,4.40%,376.2MiB,2.99%,485.4MiB,9.40%,1.028GiB,0.22%,39.06MiB,3.68%,570.4MiB,17.32%,732.3MiB
2023-11-02 11:09:47.707474,6.79%,376.2MiB,2.17%,485.9MiB,2.85%,1.028GiB,0.18%,39.06MiB,1.25%,570.4MiB,8.83%,731.6MiB
2023-11-02 11:09:49.923057,6.12%,376.2MiB,0.49%,486MiB,2.38%,1.028GiB,0.12%,39.06MiB,3.40%,570.4MiB,8.09%,731.4MiB
2023-11-02 11:09:52.063918,8.08%,376.2MiB,0.00%,485.3MiB,1.40%,1.028GiB,0.18%,39.06MiB,1.16%,570.4MiB,16.72%,731.5MiB
2023-11-02 11:09:54.318244,8.48%,376.2MiB,1.80%,485.6MiB,2.76%,1.028GiB,0.11%,39.06MiB,1.14%,570.4MiB,14.90%,732MiB
2023-11-02 11:09:56.514770,6.31%,376.2MiB,0.91%,486MiB,0.77%,1.028GiB,0.10%,39.06MiB,1.45%,570.4MiB,16.68%,732.3MiB
2023-11-02 11:09:58.637558,9.76%,376.2MiB,1.49%,485.4MiB,4.38%,1.028GiB,0.21%,39.07MiB,2.26%,570.4MiB,14.78%,732.3MiB
2023-11-02 11:10:00.885774,4.25%,376.2MiB,0.36%,485.5MiB,0.94%,1.028GiB,0.11%,39.07MiB,9.77%,570.4MiB,8.98%,732.3MiB
2023-11-02 11:10:03.139313,22.43%,376.2MiB,3.69%,485.7MiB,4.53%,1.028GiB,0.12%,39.07MiB,1.11%,570.4MiB,12.01%,732.3MiB
2023-11-02 11:10:05.318259,13.06%,376.2MiB,0.56%,485.8MiB,1.59%,1.028GiB,0.09%,39.07MiB,3.01%,570.5MiB,11.07%,732.3MiB
2023-11-02 11:10:07.541407,6.25%,376.5MiB,1.59%,485.8MiB,3.71%,1.028GiB,0.12%,39.07MiB,9.32%,570.5MiB,41.75%,740.7MiB
2023-11-02 11:10:09.756178,7.03%,376.3MiB,0.00%,485.6MiB,2.95%,1.028GiB,0.19%,39.07MiB,3.76%,570.5MiB,13.83%,740.8MiB
2023-11-02 11:10:11.886249,4.59%,376.3MiB,0.28%,485.8MiB,0.93%,1.028GiB,0.16%,39.07MiB,1.31%,570.5MiB,12.16%,740.8MiB
2023-11-02 11:10:14.081731,9.16%,376.5MiB,0.45%,486MiB,2.01%,1.028GiB,0.13%,39.07MiB,5.53%,570.5MiB,45.03%,745.6MiB
2023-11-02 11:10:16.329081,4.59%,376.3MiB,9.32%,486.1MiB,18.44%,1.028GiB,0.18%,39.07MiB,1.73%,570.5MiB,9.00%,746MiB
2023-11-02 11:10:18.638548,15.86%,376.3MiB,1.21%,486MiB,11.38%,1.028GiB,0.11%,39.07MiB,1.22%,570.5MiB,14.06%,746.1MiB
2023-11-02 11:10:20.903299,11.32%,376.3MiB,2.35%,486.2MiB,5.72%,1.028GiB,0.11%,39.07MiB,1.43%,571.2MiB,7.07%,746.4MiB
2023-11-02 11:10:23.132071,2.58%,376.3MiB,1.65%,485.6MiB,3.50%,1.028GiB,0.11%,39.08MiB,1.77%,571.2MiB,6.45%,746.4MiB
2023-11-02 11:10:25.318769,9.76%,376.3MiB,0.00%,485.6MiB,2.69%,1.028GiB,0.10%,39.08MiB,2.90%,571.2MiB,20.09%,746.4MiB
2023-11-02 11:10:27.665304,14.55%,376.3MiB,3.69%,486.2MiB,3.91%,1.028GiB,0.20%,39.08MiB,1.08%,571.2MiB,6.69%,746.4MiB
2023-11-02 11:10:29.977584,20.97%,376.3MiB,0.35%,485.5MiB,0.99%,1.028GiB,0.08%,39.08MiB,2.85%,571.2MiB,13.82%,746.4MiB
2023-11-02 11:10:32.111950,9.00%,376.3MiB,0.52%,485.6MiB,2.58%,1.028GiB,0.09%,39.08MiB,2.71%,571.2MiB,10.20%,747.2MiB
2023-11-02 11:10:34.294487,15.78%,376.4MiB,0.00%,485.8MiB,0.51%,1.028GiB,0.21%,39.08MiB,2.59%,571.2MiB,10.92%,746.5MiB
2023-11-02 11:10:36.461152,8.77%,376.6MiB,2.26%,485.4MiB,1.35%,1.028GiB,0.11%,39.08MiB,1.12%,571.2MiB,9.06%,746.7MiB
2023-11-02 11:10:38.693920,13.70%,376.4MiB,1.80%,485.6MiB,10.05%,1.028GiB,0.13%,39.08MiB,1.28%,571.2MiB,12.34%,747.5MiB
2023-11-02 11:10:40.813553,8.81%,376.4MiB,0.70%,485.8MiB,5.67%,1.028GiB,0.12%,39.09MiB,3.47%,571.2MiB,40.30%,746.4MiB
2023-11-02 11:10:42.953595,29.50%,376.7MiB,0.78%,486.1MiB,3.17%,1.028GiB,0.11%,39.09MiB,1.16%,571.2MiB,31.13%,746.4MiB
2023-11-02 11:10:45.227480,4.39%,376.4MiB,0.31%,486MiB,1.16%,1.028GiB,0.12%,39.09MiB,1.98%,571.3MiB,69.43%,764.3MiB
2023-11-02 11:10:47.386425,18.17%,376.5MiB,0.86%,485.9MiB,3.22%,1.028GiB,0.10%,39.09MiB,1.32%,571.4MiB,9.77%,762.2MiB
2023-11-02 11:10:49.777110,4.69%,376.5MiB,4.45%,486.2MiB,6.59%,1.028GiB,0.20%,39.09MiB,4.72%,571.4MiB,35.24%,759.2MiB
2023-11-02 11:10:51.754110,7.53%,376.5MiB,1.06%,485.6MiB,1.56%,1.028GiB,0.20%,39.09MiB,1.20%,571.4MiB,8.36%,759MiB
2023-11-02 11:10:53.996985,4.24%,376.5MiB,4.03%,485.9MiB,4.94%,1.028GiB,0.10%,39.09MiB,1.29%,571.4MiB,10.02%,759.5MiB
2023-11-02 11:10:56.128512,103.39%,376.5MiB,1.62%,486MiB,5.39%,1.028GiB,0.11%,39.09MiB,22.68%,571.5MiB,17.32%,759MiB
2023-11-02 11:10:58.311344,4.33%,375.9MiB,1.85%,485.7MiB,11.04%,1.029GiB,0.22%,39.1MiB,8.59%,571.6MiB,15.33%,739.2MiB
2023-11-02 11:11:00.540572,21.16%,375.9MiB,2.00%,485.9MiB,0.74%,1.029GiB,0.12%,39.1MiB,3.85%,571.6MiB,27.77%,737.1MiB
2023-11-02 11:11:02.780428,9.39%,375.9MiB,0.67%,486.1MiB,1.13%,1.029GiB,0.13%,39.1MiB,1.37%,571.7MiB,12.09%,737.1MiB
2023-11-02 11:11:04.865913,3.88%,375.9MiB,0.44%,486.2MiB,1.36%,1.029GiB,0.16%,39.1MiB,2.74%,571.7MiB,32.58%,740.2MiB
2023-11-02 11:11:06.942753,3.56%,375.9MiB,1.46%,485.9MiB,0.85%,1.029GiB,0.12%,39.1MiB,1.10%,571.7MiB,13.42%,740.5MiB
2023-11-02 11:11:09.181609,117.40%,390.9MiB,0.46%,486.4MiB,2.60%,1.029GiB,0.17%,39.1MiB,1.53%,571.7MiB,11.45%,740.2MiB
2023-11-02 11:11:11.304696,5.11%,393.5MiB,0.80%,486.3MiB,1.85%,1.029GiB,0.16%,39.1MiB,1.27%,571.2MiB,13.47%,740.2MiB
2023-11-02 11:11:13.715961,3.61%,376.3MiB,1.32%,486.5MiB,11.33%,1.029GiB,0.13%,39.1MiB,5.64%,571.2MiB,6.78%,740.2MiB
2023-11-02 11:11:15.931343,27.06%,376.6MiB,4.26%,486.1MiB,24.06%,1.029GiB,0.21%,39.11MiB,2.69%,571.2MiB,9.08%,740.2MiB
2023-11-02 11:11:18.083084,3.98%,376.6MiB,2.62%,486.6MiB,5.24%,1.029GiB,0.12%,39.11MiB,1.36%,571.3MiB,57.82%,742.6MiB
2023-11-02 11:11:20.284233,6.11%,376.7MiB,0.54%,486.7MiB,2.24%,1.029GiB,0.12%,39.11MiB,4.30%,571.3MiB,7.85%,742.9MiB
2023-11-02 11:11:22.481443,9.28%,376.7MiB,0.00%,486.1MiB,0.57%,1.029GiB,2.72%,39.11MiB,1.85%,571.3MiB,7.27%,742.5MiB
2023-11-02 11:11:24.629211,9.24%,376.7MiB,0.28%,486.3MiB,0.93%,1.029GiB,0.10%,39.11MiB,1.15%,571.3MiB,8.83%,736.1MiB
2023-11-02 11:11:26.810295,8.02%,376.7MiB,1.05%,486.8MiB,1.83%,1.029GiB,0.12%,39.11MiB,2.53%,571.4MiB,6.12%,737.3MiB
2023-11-02 11:11:29.076578,3.43%,376.7MiB,1.66%,486.2MiB,6.48%,1.029GiB,0.12%,39.11MiB,2.30%,571.4MiB,10.11%,736.9MiB
2023-11-02 11:11:31.175169,7.92%,376.7MiB,1.51%,486.3MiB,2.39%,1.029GiB,0.11%,39.11MiB,1.36%,571.4MiB,23.88%,738.6MiB
2023-11-02 11:11:33.481582,11.01%,376.7MiB,4.27%,486.5MiB,8.43%,1.029GiB,0.14%,39.11MiB,1.23%,571.4MiB,7.01%,732.2MiB
2023-11-02 11:11:35.723134,4.84%,376.7MiB,0.71%,486.9MiB,1.67%,1.029GiB,0.10%,39.11MiB,2.00%,571.4MiB,23.76%,736.3MiB
2023-11-02 11:11:37.900529,3.72%,376.7MiB,1.08%,486.4MiB,2.14%,1.029GiB,0.09%,39.11MiB,1.53%,571.4MiB,6.97%,736MiB
2023-11-02 11:11:40.217699,8.13%,376.7MiB,0.33%,486.4MiB,0.91%,1.029GiB,0.14%,39.12MiB,4.09%,571.7MiB,8.16%,735.8MiB
2023-11-02 11:11:42.374635,10.95%,376.7MiB,0.28%,486.6MiB,0.85%,1.029GiB,0.11%,39.12MiB,1.11%,571.4MiB,6.68%,737.2MiB
2023-11-02 11:11:44.565901,3.12%,376.7MiB,0.38%,486.8MiB,1.23%,1.029GiB,0.13%,39.12MiB,1.14%,571.4MiB,19.41%,737.2MiB
2023-11-02 11:11:46.732317,4.45%,377.2MiB,4.83%,486.7MiB,5.21%,1.029GiB,0.23%,39.12MiB,2.77%,571.4MiB,8.33%,737.2MiB
2023-11-02 11:11:48.909924,8.60%,376.7MiB,0.64%,486.9MiB,1.27%,1.029GiB,0.15%,39.12MiB,1.15%,571.4MiB,9.13%,738.1MiB
2023-11-02 11:11:51.211946,9.16%,376.7MiB,0.71%,487MiB,1.83%,1.029GiB,0.21%,39.12MiB,1.77%,571.7MiB,8.33%,738.1MiB
2023-11-02 11:11:53.498641,6.19%,377MiB,7.69%,486.4MiB,4.77%,1.029GiB,0.20%,39.12MiB,1.43%,571.5MiB,8.41%,738.1MiB
2023-11-02 11:11:55.686974,16.50%,376.7MiB,0.62%,486.8MiB,1.80%,1.029GiB,0.14%,39.12MiB,3.51%,571.5MiB,14.08%,738.1MiB
2023-11-02 11:11:57.873041,3.23%,376.7MiB,2.53%,487MiB,2.24%,1.029GiB,0.22%,39.13MiB,1.16%,571.5MiB,16.32%,739.4MiB
2023-11-02 11:12:00.079164,7.39%,376.7MiB,0.00%,486.3MiB,0.61%,1.029GiB,0.11%,39.13MiB,2.22%,571.5MiB,16.92%,739.4MiB
2023-11-02 11:12:02.198771,3.27%,376.7MiB,0.44%,486.5MiB,1.74%,1.029GiB,0.11%,39.13MiB,1.25%,571.5MiB,26.69%,739.7MiB
2023-11-02 11:12:04.373727,7.35%,376.7MiB,0.00%,486.7MiB,0.50%,1.029GiB,0.25%,39.13MiB,2.53%,571.5MiB,12.49%,739.7MiB
2023-11-02 11:12:06.604806,9.58%,376.8MiB,2.62%,486.3MiB,6.44%,1.029GiB,0.13%,39.13MiB,1.35%,571.5MiB,14.61%,739.5MiB
2023-11-02 11:12:08.916176,6.59%,376.8MiB,0.69%,486.5MiB,11.46%,1.029GiB,0.12%,39.13MiB,1.43%,571.5MiB,14.01%,739.5MiB
2023-11-02 11:12:11.143946,9.21%,376.8MiB,1.29%,486.7MiB,2.45%,1.029GiB,0.11%,39.13MiB,1.78%,571.5MiB,11.12%,739.8MiB
2023-11-02 11:12:13.547650,4.88%,376.8MiB,3.85%,486.9MiB,2.39%,1.029GiB,0.18%,39.13MiB,2.46%,571.5MiB,13.76%,739.5MiB
2023-11-02 11:12:15.595971,6.78%,376.8MiB,1.61%,486.4MiB,11.79%,1.029GiB,0.13%,39.13MiB,2.56%,571.5MiB,9.64%,739.6MiB
2023-11-02 11:12:17.852924,12.80%,376.8MiB,1.36%,486.9MiB,2.56%,1.029GiB,0.11%,39.13MiB,1.33%,571.5MiB,27.83%,741.8MiB
2023-11-02 11:12:20.090514,9.64%,377MiB,0.81%,487.1MiB,4.47%,1.029GiB,0.11%,39.13MiB,17.10%,570.9MiB,10.32%,741.8MiB
2023-11-02 11:12:22.335099,5.10%,377MiB,0.92%,486.4MiB,0.83%,1.029GiB,0.21%,39.14MiB,8.15%,570.9MiB,9.16%,742.3MiB
2023-11-02 11:12:24.588439,17.46%,376.8MiB,0.50%,486.6MiB,1.07%,1.029GiB,0.15%,39.14MiB,1.17%,567.1MiB,17.70%,742.1MiB
2023-11-02 11:12:26.910180,4.11%,376.8MiB,1.16%,487.1MiB,1.77%,1.029GiB,0.12%,39.14MiB,1.21%,567.1MiB,13.30%,741.8MiB
2023-11-02 11:12:29.133300,10.60%,377.1MiB,1.39%,486.4MiB,2.09%,1.029GiB,0.11%,39.14MiB,3.63%,567.5MiB,6.74%,742.3MiB
2023-11-02 11:12:31.272785,3.34%,376.8MiB,0.67%,486.5MiB,1.46%,1.029GiB,0.23%,39.14MiB,2.71%,567.6MiB,16.87%,741.8MiB
2023-11-02 11:12:33.429228,5.03%,376.8MiB,0.91%,486.7MiB,1.94%,1.029GiB,0.10%,39.14MiB,1.14%,567.6MiB,6.80%,742.1MiB
2023-11-02 11:12:35.801207,11.21%,376.8MiB,0.25%,486.9MiB,1.22%,1.029GiB,0.10%,39.14MiB,2.11%,567.6MiB,18.01%,742.1MiB
2023-11-02 11:12:37.961721,41.90%,377MiB,1.28%,486.6MiB,3.21%,1.029GiB,0.13%,39.14MiB,2.20%,567.6MiB,22.03%,743.2MiB
2023-11-02 11:12:40.091357,7.31%,377.3MiB,0.30%,486.6MiB,1.10%,1.029GiB,0.24%,39.15MiB,2.81%,567.6MiB,66.03%,756.9MiB
2023-11-02 11:12:42.340062,20.78%,377MiB,0.00%,486.8MiB,0.41%,1.029GiB,0.10%,39.15MiB,1.32%,567.6MiB,15.88%,757.3MiB
2023-11-02 11:12:44.505183,3.57%,377MiB,0.52%,487MiB,1.18%,1.029GiB,0.10%,39.15MiB,1.18%,567.6MiB,11.47%,753.5MiB
2023-11-02 11:12:46.611563,6.46%,377MiB,2.57%,486.8MiB,2.99%,1.029GiB,0.18%,39.15MiB,4.66%,567.6MiB,5.50%,754MiB
2023-11-02 11:12:49.046014,13.87%,377MiB,0.65%,487MiB,2.68%,1.029GiB,0.13%,39.15MiB,1.23%,567.6MiB,17.84%,753.5MiB
2023-11-02 11:12:51.197382,43.91%,377.1MiB,0.64%,487.2MiB,2.92%,1.029GiB,0.11%,39.15MiB,1.36%,567.6MiB,15.58%,740.6MiB
2023-11-02 11:12:53.481888,3.01%,384.3MiB,3.71%,486.6MiB,4.39%,1.029GiB,0.11%,39.16MiB,1.45%,567.6MiB,8.05%,740.1MiB
2023-11-02 11:12:55.605711,4.25%,380.6MiB,0.32%,486.6MiB,0.88%,1.029GiB,0.15%,39.16MiB,4.22%,567.7MiB,96.92%,765.3MiB
2023-11-02 11:12:57.808517,3.40%,380.3MiB,0.79%,487.2MiB,1.95%,1.029GiB,0.12%,39.16MiB,1.25%,567.7MiB,5.50%,765.3MiB
2023-11-02 11:13:00.025603,3.57%,380.6MiB,0.00%,486.4MiB,0.41%,1.029GiB,0.14%,39.16MiB,2.39%,567.7MiB,15.22%,750.7MiB
2023-11-02 11:13:02.206314,3.32%,380.4MiB,0.36%,486.6MiB,1.26%,1.029GiB,0.10%,39.16MiB,2.53%,567.7MiB,14.27%,750.7MiB
2023-11-02 11:13:04.376223,9.07%,380.4MiB,13.03%,486.8MiB,12.13%,1.029GiB,0.20%,39.16MiB,1.83%,567.7MiB,7.03%,750.7MiB
2023-11-02 11:13:06.490574,4.06%,380.6MiB,0.99%,487.2MiB,1.02%,1.029GiB,0.12%,39.16MiB,1.37%,567.7MiB,6.76%,750.7MiB
2023-11-02 11:13:08.692787,3.33%,380.6MiB,1.51%,486.6MiB,3.08%,1.029GiB,0.16%,39.16MiB,1.57%,567.7MiB,26.29%,750.9MiB
